country_code,country_label
AD,Andorra
AE,United Arab Emirates
AF,Afghanistan
AG,Antigua and Barbuda
AI,Anguilla
AL,Albania
AM,Armenia
AO,Angola
AQ,Antarctica
AR,Argentina
AS,"Samoa, American"
AT,Austria
AU,Australia
AW,Aruba
AZ,Azerbaijan
BA,Bosnia and Herzegovina
BB,Barbados
BD,Bangladesh
BE,Belgium
BF,Burkina Faso
BG,Bulgaria
BH,Bahrain
BI,Burundi
BJ,Benin
BM,Bermuda
BN,Brunei Darussalam
BO,Bolivia
BR,Brazil
BS,Bahamas
BT,Bhutan
BW,Botswana
BY,Belarus
BZ,Belize
CA,Canada
CC,Cocos (Keeling) Islands
CD,"Congo, the Democratic Republic of the"